[
  {
    "metadataOutputVersion" : "3.0",
    "shortDescription" : "This is the ParkinsonAI Hand Termor ML model which is created to detect hand tremors in humans.",
    "outputSchema" : [
      {
        "isOptional" : "0",
        "keyType" : "String",
        "formattedType" : "Dictionary (String → Double)",
        "type" : "Dictionary",
        "name" : "labelProbabilities",
        "shortDescription" : "A dictionary of labels and the corresponding confidences."
      },
      {
        "isOptional" : "0",
        "formattedType" : "String",
        "type" : "String",
        "name" : "label",
        "shortDescription" : "Most likely hand action category."
      }
    ],
    "storagePrecision" : "Float32",
    "modelParameters" : [

    ],
    "author" : "Ataberk Turan",
    "specificationVersion" : 4,
    "computePrecision" : "Float16",
    "isUpdatable" : "0",
    "availability" : {
      "macOS" : "10.15",
      "tvOS" : "13.0",
      "watchOS" : "6.0",
      "iOS" : "13.0",
      "macCatalyst" : "13.0"
    },
    "modelType" : {
      "name" : "MLModelType_neuralNetworkClassifier"
    },
    "inputSchema" : [
      {
        "hasShapeFlexibility" : "0",
        "isOptional" : "0",
        "dataType" : "Float32",
        "formattedType" : "MultiArray (Float32 90 × 3 × 21)",
        "shortDescription" : "A sequence of hand poses to classify. Its multiarray encoding uses the first dimension to index time over 90 frames. The second dimension indexes x, y, and confidence of hand pose keypoint locations. The last dimension indexes the keypoint type, ordered as wrist, thumbCMC, thumbMP, thumbIP, thumbTip, indexMCP, indexPIP, indexDIP, indexTip, middleMCP, middlePIP, middleDIP, middleTip, ringMCP, ringPIP, ringDIP, ringTip, littleMCP, littlePIP, littleDIP, littleTip.",
        "shape" : "[90, 3, 21]",
        "name" : "poses",
        "type" : "MultiArray"
      }
    ],
    "classLabels" : [
      "ParkinsonHand",
      "HealthyHand"
    ],
    "generatedClassName" : "PAIHandTremorML",
    "userDefinedMetadata" : {
      "Prediction Window Size" : "90",
      "com.apple.createml.app.tag" : "78.8",
      "com.apple.createml.app.version" : "3.0",
      "Target Frame Rate" : "30.0",
      "com.apple.coreml.model.preview.type" : "handActionClassifier"
    },
    "neuralNetworkLayerTypeHistogram" : {
      "Squeeze" : 1,
      "Transpose" : 4,
      "ActivationReLU" : 8,
      "ReshapeStatic" : 3,
      "Add" : 7,
      "PoolingAverage" : 8,
      "ExpandDims" : 2,
      "BatchNorm" : 15,
      "Convolution" : 20,
      "InnerProduct" : 2,
      "SoftmaxND" : 1
    },
    "method" : "predict"
  }
]